-- phpMyAdmin SQL Dump
-- version 5.2.1
-- https://www.phpmyadmin.net/
--
-- Host: 127.0.0.1
-- Generation Time: Mar 24, 2024 at 04:41 PM
-- Server version: 10.4.28-MariaDB
-- PHP Version: 8.2.4

SET SQL_MODE = "NO_AUTO_VALUE_ON_ZERO";
START TRANSACTION;
SET time_zone = "+00:00";


/*!40101 SET @OLD_CHARACTER_SET_CLIENT=@@CHARACTER_SET_CLIENT */;
/*!40101 SET @OLD_CHARACTER_SET_RESULTS=@@CHARACTER_SET_RESULTS */;
/*!40101 SET @OLD_COLLATION_CONNECTION=@@COLLATION_CONNECTION */;
/*!40101 SET NAMES utf8mb4 */;

--
-- Database: `dbparkir`
--

-- --------------------------------------------------------

--
-- Table structure for table `jeniskendaraan`
--

CREATE TABLE `jeniskendaraan` (
  `jenis_id` int(10) NOT NULL,
  `jeniskendaraan` varchar(150) NOT NULL,
  `status` enum('on','off') NOT NULL,
  `bayar` int(10) NOT NULL
) ENGINE=InnoDB DEFAULT CHARSET=latin1 COLLATE=latin1_swedish_ci;

--
-- Dumping data for table `jeniskendaraan`
--

INSERT INTO `jeniskendaraan` (`jenis_id`, `jeniskendaraan`, `status`, `bayar`) VALUES
(1, 'Motor', 'on', 2000),
(2, 'Mobil', 'on', 4000);

-- --------------------------------------------------------

--
-- Table structure for table `kendaraan`
--

CREATE TABLE `kendaraan` (
  `id_parkir` int(10) NOT NULL,
  `jenis_id` int(10) NOT NULL,
  `nama_pelanggan` varchar(250) NOT NULL,
  `nomor_polisi` varchar(250) NOT NULL,
  `waktu_masuk` datetime NOT NULL,
  `waktu_keluar` datetime NOT NULL,
  `harga` int(10) NOT NULL,
  `keterangan` enum('Masuk','Keluar') NOT NULL
) ENGINE=InnoDB DEFAULT CHARSET=latin1 COLLATE=latin1_swedish_ci;

--
-- Dumping data for table `kendaraan`
--

INSERT INTO `kendaraan` (`id_parkir`, `jenis_id`, `nama_pelanggan`, `nomor_polisi`, `waktu_masuk`, `waktu_keluar`, `harga`, `keterangan`) VALUES
(92, 2, '', 'm 2929 y', '2021-11-02 11:18:28', '2021-11-02 11:50:10', 4000, 'Keluar'),
(93, 1, '', 'b 1717 g', '2021-11-02 11:18:50', '2021-11-02 11:19:00', 2000, 'Keluar'),
(94, 1, '', 'galih', '2021-11-02 11:54:48', '2021-11-15 10:28:58', 622000, 'Keluar'),
(95, 2, '', 'galih', '2021-11-04 11:23:14', '2021-11-16 11:49:22', 1156000, 'Keluar'),
(96, 2, '', 'sulis laily', '2021-11-04 11:23:27', '2021-11-04 11:23:40', 4000, 'Keluar'),
(97, 1, '', 'b 13', '2021-11-04 11:40:41', '2021-11-16 11:54:02', 578000, 'Keluar'),
(98, 2, 'galih restu baihaqi', 'm 1212 zt', '2021-11-16 11:47:26', '2021-11-16 11:54:38', 4000, 'Keluar'),
(99, 1, 'laily tri', 'm 6666 yt', '2021-11-16 11:48:39', '2021-11-16 22:17:07', 22000, 'Keluar'),
(100, 1, 'galih restu', 'm 2222 ty', '2021-11-16 21:12:54', '2021-11-17 16:39:12', 40000, 'Keluar'),
(101, 2, 'laily', 'm 2227 gt', '2021-11-16 22:21:48', '2021-11-17 16:38:57', 76000, 'Keluar'),
(102, 2, 'laily', 'g 6565 yt', '2021-11-17 14:30:38', '2021-11-30 06:27:10', 1216000, 'Keluar'),
(103, 2, 'galih restu baihaqiiiiii', 'm ytytytyt ', '2021-11-17 16:29:25', '2021-11-30 06:29:44', 1212000, 'Keluar'),
(104, 2, 'galih restu baihaqi', 'm 1212 yt', '2021-11-30 06:30:57', '2021-12-09 13:57:45', 896000, 'Keluar'),
(105, 1, 'Galih Restu Baihaqi', 'M 1212 YZ', '2021-12-09 13:57:26', '2024-03-24 22:35:54', 40146000, 'Keluar'),
(106, 2, 'Rizki', 'M 1278 YT', '2021-12-09 14:00:22', '2024-03-24 22:36:03', 80292000, 'Keluar'),
(108, 2, 'NARUTO', 'L 0989 BB', '2021-12-14 06:44:39', '2024-03-24 22:37:41', 79840000, 'Keluar'),
(109, 2, 'HINATA', 'P 1789 JK', '2021-12-14 06:44:58', '0000-00-00 00:00:00', 0, 'Masuk'),
(110, 1, 'galih', '', '2021-12-14 06:45:14', '2024-03-24 22:36:10', 39920000, 'Keluar'),
(111, 2, 'galih', 'galiho', '2021-12-14 10:20:30', '2024-03-24 22:41:34', 79828000, 'Keluar'),
(112, 1, 'galih baru', 'm 1212 yz', '2021-12-14 12:16:58', '2021-12-14 14:21:24', 8000, 'Keluar');

-- --------------------------------------------------------

--
-- Table structure for table `user`
--

CREATE TABLE `user` (
  `user_id` int(10) NOT NULL,
  `level` varchar(30) NOT NULL,
  `nama` varchar(150) NOT NULL,
  `username` varchar(160) NOT NULL,
  `alamat` varchar(400) NOT NULL,
  `phone` varchar(15) NOT NULL,
  `password` varchar(300) NOT NULL,
  `status` enum('on','off') NOT NULL
) ENGINE=InnoDB DEFAULT CHARSET=latin1 COLLATE=latin1_swedish_ci;

--
-- Dumping data for table `user`
--

INSERT INTO `user` (`user_id`, `level`, `nama`, `username`, `alamat`, `phone`, `password`, `status`) VALUES
(10, 'Owner', 'Administrator', 'owner', 'MDR', '089756128946', 'owner', 'on'),
(11, 'Admin', 'Galih Restu Baihaqi', 'galih', 'SMNP', '081939301705', 'galih', 'on'),
(12, 'Admin', 'Laily Tri Hidayat', 'laily', 'PMK', '082302245331', 'laily', 'on'),
(13, 'Admin', 'Jan Philip Faith', 'philip', 'MDN', '082389091232', 'philip', 'on'),
(15, 'Admin', 'Administrator', 'admin', 'MDR', '081999999999', 'admin', 'on');

--
-- Indexes for dumped tables
--

--
-- Indexes for table `jeniskendaraan`
--
ALTER TABLE `jeniskendaraan`
  ADD PRIMARY KEY (`jenis_id`);

--
-- Indexes for table `kendaraan`
--
ALTER TABLE `kendaraan`
  ADD PRIMARY KEY (`id_parkir`),
  ADD KEY `kategori_id` (`jenis_id`);

--
-- Indexes for table `user`
--
ALTER TABLE `user`
  ADD PRIMARY KEY (`user_id`);

--
-- AUTO_INCREMENT for dumped tables
--

--
-- AUTO_INCREMENT for table `jeniskendaraan`
--
ALTER TABLE `jeniskendaraan`
  MODIFY `jenis_id` int(10) NOT NULL AUTO_INCREMENT, AUTO_INCREMENT=5;

--
-- AUTO_INCREMENT for table `kendaraan`
--
ALTER TABLE `kendaraan`
  MODIFY `id_parkir` int(10) NOT NULL AUTO_INCREMENT, AUTO_INCREMENT=117;

--
-- AUTO_INCREMENT for table `user`
--
ALTER TABLE `user`
  MODIFY `user_id` int(10) NOT NULL AUTO_INCREMENT, AUTO_INCREMENT=16;

--
-- Constraints for dumped tables
--

--
-- Constraints for table `kendaraan`
--
ALTER TABLE `kendaraan`
  ADD CONSTRAINT `kendaraan_ibfk_1` FOREIGN KEY (`jenis_id`) REFERENCES `jeniskendaraan` (`jenis_id`) ON DELETE CASCADE ON UPDATE CASCADE;
COMMIT;

/*!40101 SET CHARACTER_SET_CLIENT=@OLD_CHARACTER_SET_CLIENT */;
/*!40101 SET CHARACTER_SET_RESULTS=@OLD_CHARACTER_SET_RESULTS */;
/*!40101 SET COLLATION_CONNECTION=@OLD_COLLATION_CONNECTION */;
